is_holi,is_next_1,is_next_2,is_next_3,is_next_4,is_next_5,is_next_6,is_week,pre_1,pre_2,pre_3,pre_4,pre_5,pre_6,pre_avg,starttime,volume
0,1,0,0,0,0,0,0,118,83,70,72,57,39,73,2016/9/19 8:00,123
0,0,1,0,0,0,0,0,118,83,70,72,57,39,73,2016/9/19 8:20,119
0,0,0,1,0,0,0,0,118,83,70,72,57,39,73,2016/9/19 8:40,116
0,0,0,0,1,0,0,0,118,83,70,72,57,39,73,2016/9/19 9:00,120
0,0,0,0,0,1,0,0,118,83,70,72,57,39,73,2016/9/19 9:20,151
0,0,0,0,0,0,1,0,118,83,70,72,57,39,73,2016/9/19 9:40,131
0,1,0,0,0,0,0,0,116,122,110,92,104,77,103,2016/9/19 17:00,96
0,0,1,0,0,0,0,0,116,122,110,92,104,77,103,2016/9/19 17:20,116
0,0,0,1,0,0,0,0,116,122,110,92,104,77,103,2016/9/19 17:40,112
0,0,0,0,1,0,0,0,116,122,110,92,104,77,103,2016/9/19 18:00,67
0,0,0,0,0,1,0,0,116,122,110,92,104,77,103,2016/9/19 18:20,94
0,0,0,0,0,0,1,0,116,122,110,92,104,77,103,2016/9/19 18:40,65
0,1,0,0,0,0,0,0,139,126,88,69,59,47,88,2016/9/20 8:00,132
0,0,1,0,0,0,0,0,139,126,88,69,59,47,88,2016/9/20 8:20,151
0,0,0,1,0,0,0,0,139,126,88,69,59,47,88,2016/9/20 8:40,131
0,0,0,0,1,0,0,0,139,126,88,69,59,47,88,2016/9/20 9:00,150
0,0,0,0,0,1,0,0,139,126,88,69,59,47,88,2016/9/20 9:20,142
0,0,0,0,0,0,1,0,139,126,88,69,59,47,88,2016/9/20 9:40,173
0,1,0,0,0,0,0,0,95,96,95,71,79,78,85,2016/9/20 17:00,111
0,0,1,0,0,0,0,0,95,96,95,71,79,78,85,2016/9/20 17:20,110
0,0,0,1,0,0,0,0,95,96,95,71,79,78,85,2016/9/20 17:40,133
0,0,0,0,1,0,0,0,95,96,95,71,79,78,85,2016/9/20 18:00,78
0,0,0,0,0,1,0,0,95,96,95,71,79,78,85,2016/9/20 18:20,60
0,0,0,0,0,0,1,0,95,96,95,71,79,78,85,2016/9/20 18:40,53
0,1,0,0,0,0,0,0,99,94,77,71,50,36,71,2016/9/21 8:00,100
0,0,1,0,0,0,0,0,99,94,77,71,50,36,71,2016/9/21 8:20,105
0,0,0,1,0,0,0,0,99,94,77,71,50,36,71,2016/9/21 8:40,119
0,0,0,0,1,0,0,0,99,94,77,71,50,36,71,2016/9/21 9:00,137
0,0,0,0,0,1,0,0,99,94,77,71,50,36,71,2016/9/21 9:20,132
0,0,0,0,0,0,1,0,99,94,77,71,50,36,71,2016/9/21 9:40,122
0,1,0,0,0,0,0,0,98,97,105,90,96,98,97,2016/9/21 17:00,94
0,0,1,0,0,0,0,0,98,97,105,90,96,98,97,2016/9/21 17:20,109
0,0,0,1,0,0,0,0,98,97,105,90,96,98,97,2016/9/21 17:40,94
0,0,0,0,1,0,0,0,98,97,105,90,96,98,97,2016/9/21 18:00,74
0,0,0,0,0,1,0,0,98,97,105,90,96,98,97,2016/9/21 18:20,85
0,0,0,0,0,0,1,0,98,97,105,90,96,98,97,2016/9/21 18:40,78
0,1,0,0,0,0,0,0,100,96,79,60,61,42,73,2016/9/22 8:00,106
0,0,1,0,0,0,0,0,100,96,79,60,61,42,73,2016/9/22 8:20,98
0,0,0,1,0,0,0,0,100,96,79,60,61,42,73,2016/9/22 8:40,111
0,0,0,0,1,0,0,0,100,96,79,60,61,42,73,2016/9/22 9:00,123
0,0,0,0,0,1,0,0,100,96,79,60,61,42,73,2016/9/22 9:20,107
0,0,0,0,0,0,1,0,100,96,79,60,61,42,73,2016/9/22 9:40,110
0,1,0,0,0,0,0,0,113,104,102,89,115,90,102,2016/9/22 17:00,114
0,0,1,0,0,0,0,0,113,104,102,89,115,90,102,2016/9/22 17:20,102
0,0,0,1,0,0,0,0,113,104,102,89,115,90,102,2016/9/22 17:40,113
0,0,0,0,1,0,0,0,113,104,102,89,115,90,102,2016/9/22 18:00,81
0,0,0,0,0,1,0,0,113,104,102,89,115,90,102,2016/9/22 18:20,83
0,0,0,0,0,0,1,0,113,104,102,89,115,90,102,2016/9/22 18:40,88
0,1,0,0,0,0,0,0,93,100,86,63,63,22,71,2016/9/23 8:00,110
0,0,1,0,0,0,0,0,93,100,86,63,63,22,71,2016/9/23 8:20,127
0,0,0,1,0,0,0,0,93,100,86,63,63,22,71,2016/9/23 8:40,112
0,0,0,0,1,0,0,0,93,100,86,63,63,22,71,2016/9/23 9:00,129
0,0,0,0,0,1,0,0,93,100,86,63,63,22,71,2016/9/23 9:20,107
0,0,0,0,0,0,1,0,93,100,86,63,63,22,71,2016/9/23 9:40,105
0,1,0,0,0,0,0,0,113,112,110,114,113,98,110,2016/9/23 17:00,113
0,0,1,0,0,0,0,0,113,112,110,114,113,98,110,2016/9/23 17:20,105
0,0,0,1,0,0,0,0,113,112,110,114,113,98,110,2016/9/23 17:40,141
0,0,0,0,1,0,0,0,113,112,110,114,113,98,110,2016/9/23 18:00,93
0,0,0,0,0,1,0,0,113,112,110,114,113,98,110,2016/9/23 18:20,96
0,0,0,0,0,0,1,0,113,112,110,114,113,98,110,2016/9/23 18:40,108
0,1,0,0,0,0,0,1,106,74,74,63,58,37,68,2016/9/24 8:00,95
0,0,1,0,0,0,0,1,106,74,74,63,58,37,68,2016/9/24 8:20,101
0,0,0,1,0,0,0,1,106,74,74,63,58,37,68,2016/9/24 8:40,102
0,0,0,0,1,0,0,1,106,74,74,63,58,37,68,2016/9/24 9:00,82
0,0,0,0,0,1,0,1,106,74,74,63,58,37,68,2016/9/24 9:20,86
0,0,0,0,0,0,1,1,106,74,74,63,58,37,68,2016/9/24 9:40,78
0,1,0,0,0,0,0,1,90,84,93,104,110,95,96,2016/9/24 17:00,94
0,0,1,0,0,0,0,1,90,84,93,104,110,95,96,2016/9/24 17:20,85
0,0,0,1,0,0,0,1,90,84,93,104,110,95,96,2016/9/24 17:40,105
0,0,0,0,1,0,0,1,90,84,93,104,110,95,96,2016/9/24 18:00,78
0,0,0,0,0,1,0,1,90,84,93,104,110,95,96,2016/9/24 18:20,75
0,0,0,0,0,0,1,1,90,84,93,104,110,95,96,2016/9/24 18:40,59
0,1,0,0,0,0,0,1,65,81,65,60,47,41,59,2016/9/25 8:00,98
0,0,1,0,0,0,0,1,65,81,65,60,47,41,59,2016/9/25 8:20,96
0,0,0,1,0,0,0,1,65,81,65,60,47,41,59,2016/9/25 8:40,105
0,0,0,0,1,0,0,1,65,81,65,60,47,41,59,2016/9/25 9:00,108
0,0,0,0,0,1,0,1,65,81,65,60,47,41,59,2016/9/25 9:20,103
0,0,0,0,0,0,1,1,65,81,65,60,47,41,59,2016/9/25 9:40,95
0,1,0,0,0,0,0,1,120,108,86,113,105,86,103,2016/9/25 17:00,105
0,0,1,0,0,0,0,1,120,108,86,113,105,86,103,2016/9/25 17:20,104
0,0,0,1,0,0,0,1,120,108,86,113,105,86,103,2016/9/25 17:40,84
0,0,0,0,1,0,0,1,120,108,86,113,105,86,103,2016/9/25 18:00,69
0,0,0,0,0,1,0,1,120,108,86,113,105,86,103,2016/9/25 18:20,61
0,0,0,0,0,0,1,1,120,108,86,113,105,86,103,2016/9/25 18:40,62
0,1,0,0,0,0,0,0,116,120,91,66,61,31,80,2016/9/26 8:00,125
0,0,1,0,0,0,0,0,116,120,91,66,61,31,80,2016/9/26 8:20,91
0,0,0,1,0,0,0,0,116,120,91,66,61,31,80,2016/9/26 8:40,116
0,0,0,0,1,0,0,0,116,120,91,66,61,31,80,2016/9/26 9:00,120
0,0,0,0,0,1,0,0,116,120,91,66,61,31,80,2016/9/26 9:20,130
0,0,0,0,0,0,1,0,116,120,91,66,61,31,80,2016/9/26 9:40,102
0,1,0,0,0,0,0,0,103,112,106,83,108,92,100,2016/9/26 17:00,106
0,0,1,0,0,0,0,0,103,112,106,83,108,92,100,2016/9/26 17:20,112
0,0,0,1,0,0,0,0,103,112,106,83,108,92,100,2016/9/26 17:40,102
0,0,0,0,1,0,0,0,103,112,106,83,108,92,100,2016/9/26 18:00,74
0,0,0,0,0,1,0,0,103,112,106,83,108,92,100,2016/9/26 18:20,85
0,0,0,0,0,0,1,0,103,112,106,83,108,92,100,2016/9/26 18:40,54
0,1,0,0,0,0,0,0,113,98,74,79,63,45,78,2016/9/27 8:00,118
0,0,1,0,0,0,0,0,113,98,74,79,63,45,78,2016/9/27 8:20,116
0,0,0,1,0,0,0,0,113,98,74,79,63,45,78,2016/9/27 8:40,125
0,0,0,0,1,0,0,0,113,98,74,79,63,45,78,2016/9/27 9:00,129
0,0,0,0,0,1,0,0,113,98,74,79,63,45,78,2016/9/27 9:20,97
0,0,0,0,0,0,1,0,113,98,74,79,63,45,78,2016/9/27 9:40,73
0,1,0,0,0,0,0,0,119,97,79,112,96,117,103,2016/9/27 17:00,94
0,0,1,0,0,0,0,0,119,97,79,112,96,117,103,2016/9/27 17:20,142
0,0,0,1,0,0,0,0,119,97,79,112,96,117,103,2016/9/27 17:40,110
0,0,0,0,1,0,0,0,119,97,79,112,96,117,103,2016/9/27 18:00,76
0,0,0,0,0,1,0,0,119,97,79,112,96,117,103,2016/9/27 18:20,85
0,0,0,0,0,0,1,0,119,97,79,112,96,117,103,2016/9/27 18:40,64
0,1,0,0,0,0,0,0,108,69,79,52,62,35,67,2016/9/28 8:00,95
0,0,1,0,0,0,0,0,108,69,79,52,62,35,67,2016/9/28 8:20,105
0,0,0,1,0,0,0,0,108,69,79,52,62,35,67,2016/9/28 8:40,118
0,0,0,0,1,0,0,0,108,69,79,52,62,35,67,2016/9/28 9:00,94
0,0,0,0,0,1,0,0,108,69,79,52,62,35,67,2016/9/28 9:20,109
0,0,0,0,0,0,1,0,108,69,79,52,62,35,67,2016/9/28 9:40,103
0,1,0,0,0,0,0,0,78,65,100,83,97,90,85,2016/9/28 17:00,86
0,0,1,0,0,0,0,0,78,65,100,83,97,90,85,2016/9/28 17:20,113
0,0,0,1,0,0,0,0,78,65,100,83,97,90,85,2016/9/28 17:40,112
0,0,0,0,1,0,0,0,78,65,100,83,97,90,85,2016/9/28 18:00,80
0,0,0,0,0,1,0,0,78,65,100,83,97,90,85,2016/9/28 18:20,69
0,0,0,0,0,0,1,0,78,65,100,83,97,90,85,2016/9/28 18:40,64
0,1,0,0,0,0,0,0,83,58,48,54,36,32,51,2016/9/29 8:00,97
0,0,1,0,0,0,0,0,83,58,48,54,36,32,51,2016/9/29 8:20,102
0,0,0,1,0,0,0,0,83,58,48,54,36,32,51,2016/9/29 8:40,122
0,0,0,0,1,0,0,0,83,58,48,54,36,32,51,2016/9/29 9:00,97
0,0,0,0,0,1,0,0,83,58,48,54,36,32,51,2016/9/29 9:20,113
0,0,0,0,0,0,1,0,83,58,48,54,36,32,51,2016/9/29 9:40,83
0,1,0,0,0,0,0,0,81,103,67,94,53,78,79,2016/9/29 17:00,94
0,0,1,0,0,0,0,0,81,103,67,94,53,78,79,2016/9/29 17:20,91
0,0,0,1,0,0,0,0,81,103,67,94,53,78,79,2016/9/29 17:40,130
0,0,0,0,1,0,0,0,81,103,67,94,53,78,79,2016/9/29 18:00,77
0,0,0,0,0,1,0,0,81,103,67,94,53,78,79,2016/9/29 18:20,70
0,0,0,0,0,0,1,0,81,103,67,94,53,78,79,2016/9/29 18:40,87
0,1,0,0,0,0,0,0,95,104,67,60,50,45,70,2016/9/30 8:00,126
0,0,1,0,0,0,0,0,95,104,67,60,50,45,70,2016/9/30 8:20,112
0,0,0,1,0,0,0,0,95,104,67,60,50,45,70,2016/9/30 8:40,141
0,0,0,0,1,0,0,0,95,104,67,60,50,45,70,2016/9/30 9:00,132
0,0,0,0,0,1,0,0,95,104,67,60,50,45,70,2016/9/30 9:20,134
0,0,0,0,0,0,1,0,95,104,67,60,50,45,70,2016/9/30 9:40,97
0,1,0,0,0,0,0,0,102,110,63,77,96,114,93,2016/9/30 17:00,67
0,0,1,0,0,0,0,0,102,110,63,77,96,114,93,2016/9/30 17:20,86
0,0,0,1,0,0,0,0,102,110,63,77,96,114,93,2016/9/30 17:40,93
0,0,0,0,1,0,0,0,102,110,63,77,96,114,93,2016/9/30 18:00,17
0,0,0,0,0,1,0,0,102,110,63,77,96,114,93,2016/9/30 18:20,19
0,0,0,0,0,0,1,0,102,110,63,77,96,114,93,2016/9/30 18:40,39
1,1,0,0,0,0,0,1,10,7,17,2,19,6,10,2016/10/1 8:00,5
1,0,1,0,0,0,0,1,10,7,17,2,19,6,10,2016/10/1 8:20,11
1,0,0,1,0,0,0,1,10,7,17,2,19,6,10,2016/10/1 8:40,15
1,0,0,0,1,0,0,1,10,7,17,2,19,6,10,2016/10/1 9:00,21
1,0,0,0,0,1,0,1,10,7,17,2,19,6,10,2016/10/1 9:20,22
1,0,0,0,0,0,1,1,10,7,17,2,19,6,10,2016/10/1 9:40,9
1,1,0,0,0,0,0,1,9,11,9,14,11,5,9,2016/10/1 17:00,12
1,0,1,0,0,0,0,1,9,11,9,14,11,5,9,2016/10/1 17:20,14
1,0,0,1,0,0,0,1,9,11,9,14,11,5,9,2016/10/1 17:40,4
1,0,0,0,1,0,0,1,9,11,9,14,11,5,9,2016/10/1 18:00,8
1,0,0,0,0,1,0,1,9,11,9,14,11,5,9,2016/10/1 18:20,5
1,0,0,0,0,0,1,1,9,11,9,14,11,5,9,2016/10/1 18:40,11
1,1,0,0,0,0,0,1,21,19,18,17,30,10,19,2016/10/2 8:00,19
1,0,1,0,0,0,0,1,21,19,18,17,30,10,19,2016/10/2 8:20,13
1,0,0,1,0,0,0,1,21,19,18,17,30,10,19,2016/10/2 8:40,6
1,0,0,0,1,0,0,1,21,19,18,17,30,10,19,2016/10/2 9:00,14
1,0,0,0,0,1,0,1,21,19,18,17,30,10,19,2016/10/2 9:20,9
1,0,0,0,0,0,1,1,21,19,18,17,30,10,19,2016/10/2 9:40,8
1,1,0,0,0,0,0,1,14,10,12,18,14,11,13,2016/10/2 17:00,5
1,0,1,0,0,0,0,1,14,10,12,18,14,11,13,2016/10/2 17:20,18
1,0,0,1,0,0,0,1,14,10,12,18,14,11,13,2016/10/2 17:40,16
1,0,0,0,1,0,0,1,14,10,12,18,14,11,13,2016/10/2 18:00,14
1,0,0,0,0,1,0,1,14,10,12,18,14,11,13,2016/10/2 18:20,11
1,0,0,0,0,0,1,1,14,10,12,18,14,11,13,2016/10/2 18:40,9
1,1,0,0,0,0,0,0,12,18,18,21,16,15,16,2016/10/3 8:00,15
1,0,1,0,0,0,0,0,12,18,18,21,16,15,16,2016/10/3 8:20,21
1,0,0,1,0,0,0,0,12,18,18,21,16,15,16,2016/10/3 8:40,15
1,0,0,0,1,0,0,0,12,18,18,21,16,15,16,2016/10/3 9:00,13
1,0,0,0,0,1,0,0,12,18,18,21,16,15,16,2016/10/3 9:20,17
1,0,0,0,0,0,1,0,12,18,18,21,16,15,16,2016/10/3 9:40,20
1,1,0,0,0,0,0,0,13,22,11,8,17,23,15,2016/10/3 17:00,11
1,0,1,0,0,0,0,0,13,22,11,8,17,23,15,2016/10/3 17:20,15
1,0,0,1,0,0,0,0,13,22,11,8,17,23,15,2016/10/3 17:40,10
1,0,0,0,1,0,0,0,13,22,11,8,17,23,15,2016/10/3 18:00,7
1,0,0,0,0,1,0,0,13,22,11,8,17,23,15,2016/10/3 18:20,10
1,0,0,0,0,0,1,0,13,22,11,8,17,23,15,2016/10/3 18:40,11
1,1,0,0,0,0,0,0,20,24,21,27,24,12,21,2016/10/4 8:00,26
1,0,1,0,0,0,0,0,20,24,21,27,24,12,21,2016/10/4 8:20,20
1,0,0,1,0,0,0,0,20,24,21,27,24,12,21,2016/10/4 8:40,23
1,0,0,0,1,0,0,0,20,24,21,27,24,12,21,2016/10/4 9:00,26
1,0,0,0,0,1,0,0,20,24,21,27,24,12,21,2016/10/4 9:20,20
1,0,0,0,0,0,1,0,20,24,21,27,24,12,21,2016/10/4 9:40,23
1,1,0,0,0,0,0,0,19,16,25,26,20,23,21,2016/10/4 17:00,12
1,0,1,0,0,0,0,0,19,16,25,26,20,23,21,2016/10/4 17:20,18
1,0,0,1,0,0,0,0,19,16,25,26,20,23,21,2016/10/4 17:40,14
1,0,0,0,1,0,0,0,19,16,25,26,20,23,21,2016/10/4 18:00,14
1,0,0,0,0,1,0,0,19,16,25,26,20,23,21,2016/10/4 18:20,11
1,0,0,0,0,0,1,0,19,16,25,26,20,23,21,2016/10/4 18:40,11
1,1,0,0,0,0,0,0,22,20,23,26,28,18,22,2016/10/5 8:00,16
1,0,1,0,0,0,0,0,22,20,23,26,28,18,22,2016/10/5 8:20,22
1,0,0,1,0,0,0,0,22,20,23,26,28,18,22,2016/10/5 8:40,24
1,0,0,0,1,0,0,0,22,20,23,26,28,18,22,2016/10/5 9:00,15
1,0,0,0,0,1,0,0,22,20,23,26,28,18,22,2016/10/5 9:20,29
1,0,0,0,0,0,1,0,22,20,23,26,28,18,22,2016/10/5 9:40,29
1,1,0,0,0,0,0,0,19,17,18,21,17,24,19,2016/10/5 17:00,10
1,0,1,0,0,0,0,0,19,17,18,21,17,24,19,2016/10/5 17:20,16
1,0,0,1,0,0,0,0,19,17,18,21,17,24,19,2016/10/5 17:40,17
1,0,0,0,1,0,0,0,19,17,18,21,17,24,19,2016/10/5 18:00,12
1,0,0,0,0,1,0,0,19,17,18,21,17,24,19,2016/10/5 18:20,18
1,0,0,0,0,0,1,0,19,17,18,21,17,24,19,2016/10/5 18:40,10
1,1,0,0,0,0,0,0,18,21,14,34,22,23,22,2016/10/6 8:00,18
1,0,1,0,0,0,0,0,18,21,14,34,22,23,22,2016/10/6 8:20,21
1,0,0,1,0,0,0,0,18,21,14,34,22,23,22,2016/10/6 8:40,14
1,0,0,0,1,0,0,0,18,21,14,34,22,23,22,2016/10/6 9:00,20
1,0,0,0,0,1,0,0,18,21,14,34,22,23,22,2016/10/6 9:20,27
1,0,0,0,0,0,1,0,18,21,14,34,22,23,22,2016/10/6 9:40,23
1,1,0,0,0,0,0,0,15,23,26,22,22,12,20,2016/10/6 17:00,12
1,0,1,0,0,0,0,0,15,23,26,22,22,12,20,2016/10/6 17:20,16
1,0,0,1,0,0,0,0,15,23,26,22,22,12,20,2016/10/6 17:40,19
1,0,0,0,1,0,0,0,15,23,26,22,22,12,20,2016/10/6 18:00,15
1,0,0,0,0,1,0,0,15,23,26,22,22,12,20,2016/10/6 18:20,10
1,0,0,0,0,0,1,0,15,23,26,22,22,12,20,2016/10/6 18:40,17
1,1,0,0,0,0,0,0,30,18,26,32,23,17,24,2016/10/7 8:00,23
1,0,1,0,0,0,0,0,30,18,26,32,23,17,24,2016/10/7 8:20,18
1,0,0,1,0,0,0,0,30,18,26,32,23,17,24,2016/10/7 8:40,19
1,0,0,0,1,0,0,0,30,18,26,32,23,17,24,2016/10/7 9:00,21
1,0,0,0,0,1,0,0,30,18,26,32,23,17,24,2016/10/7 9:20,28
1,0,0,0,0,0,1,0,30,18,26,32,23,17,24,2016/10/7 9:40,23
1,1,0,0,0,0,0,0,16,18,19,32,21,23,21,2016/10/7 17:00,15
1,0,1,0,0,0,0,0,16,18,19,32,21,23,21,2016/10/7 17:20,23
1,0,0,1,0,0,0,0,16,18,19,32,21,23,21,2016/10/7 17:40,18
1,0,0,0,1,0,0,0,16,18,19,32,21,23,21,2016/10/7 18:00,15
1,0,0,0,0,1,0,0,16,18,19,32,21,23,21,2016/10/7 18:20,18
1,0,0,0,0,0,1,0,16,18,19,32,21,23,21,2016/10/7 18:40,10
0,1,0,0,0,0,0,1,94,89,66,67,38,30,64,2016/10/8 8:00,96
0,0,1,0,0,0,0,1,94,89,66,67,38,30,64,2016/10/8 8:20,117
0,0,0,1,0,0,0,1,94,89,66,67,38,30,64,2016/10/8 8:40,82
0,0,0,0,1,0,0,1,94,89,66,67,38,30,64,2016/10/8 9:00,113
0,0,0,0,0,1,0,1,94,89,66,67,38,30,64,2016/10/8 9:20,73
0,0,0,0,0,0,1,1,94,89,66,67,38,30,64,2016/10/8 9:40,130
0,1,0,0,0,0,0,1,82,81,95,99,94,91,90,2016/10/8 17:00,92
0,0,1,0,0,0,0,1,82,81,95,99,94,91,90,2016/10/8 17:20,109
0,0,0,1,0,0,0,1,82,81,95,99,94,91,90,2016/10/8 17:40,104
0,0,0,0,1,0,0,1,82,81,95,99,94,91,90,2016/10/8 18:00,84
0,0,0,0,0,1,0,1,82,81,95,99,94,91,90,2016/10/8 18:20,70
0,0,0,0,0,0,1,1,82,81,95,99,94,91,90,2016/10/8 18:40,61
0,1,0,0,0,0,0,1,93,81,66,53,41,33,61,2016/10/9 8:00,117
0,0,1,0,0,0,0,1,93,81,66,53,41,33,61,2016/10/9 8:20,121
0,0,0,1,0,0,0,1,93,81,66,53,41,33,61,2016/10/9 8:40,103
0,0,0,0,1,0,0,1,93,81,66,53,41,33,61,2016/10/9 9:00,127
0,0,0,0,0,1,0,1,93,81,66,53,41,33,61,2016/10/9 9:20,93
0,0,0,0,0,0,1,1,93,81,66,53,41,33,61,2016/10/9 9:40,75
0,1,0,0,0,0,0,1,113,100,80,107,90,84,95,2016/10/9 17:00,127
0,0,1,0,0,0,0,1,113,100,80,107,90,84,95,2016/10/9 17:20,110
0,0,0,1,0,0,0,1,113,100,80,107,90,84,95,2016/10/9 17:40,105
0,0,0,0,1,0,0,1,113,100,80,107,90,84,95,2016/10/9 18:00,56
0,0,0,0,0,1,0,1,113,100,80,107,90,84,95,2016/10/9 18:20,80
0,0,0,0,0,0,1,1,113,100,80,107,90,84,95,2016/10/9 18:40,56
0,1,0,0,0,0,0,0,146,102,69,59,61,33,78,2016/10/10 8:00,111
0,0,1,0,0,0,0,0,146,102,69,59,61,33,78,2016/10/10 8:20,114
0,0,0,1,0,0,0,0,146,102,69,59,61,33,78,2016/10/10 8:40,103
0,0,0,0,1,0,0,0,146,102,69,59,61,33,78,2016/10/10 9:00,131
0,0,0,0,0,1,0,0,146,102,69,59,61,33,78,2016/10/10 9:20,123
0,0,0,0,0,0,1,0,146,102,69,59,61,33,78,2016/10/10 9:40,107
0,1,0,0,0,0,0,0,103,69,116,96,109,90,97,2016/10/10 17:00,109
0,0,1,0,0,0,0,0,103,69,116,96,109,90,97,2016/10/10 17:20,124
0,0,0,1,0,0,0,0,103,69,116,96,109,90,97,2016/10/10 17:40,110
0,0,0,0,1,0,0,0,103,69,116,96,109,90,97,2016/10/10 18:00,53
0,0,0,0,0,1,0,0,103,69,116,96,109,90,97,2016/10/10 18:20,81
0,0,0,0,0,0,1,0,103,69,116,96,109,90,97,2016/10/10 18:40,71
0,1,0,0,0,0,0,0,93,94,72,56,51,37,67,2016/10/11 8:00,130
0,0,1,0,0,0,0,0,93,94,72,56,51,37,67,2016/10/11 8:20,108
0,0,0,1,0,0,0,0,93,94,72,56,51,37,67,2016/10/11 8:40,126
0,0,0,0,1,0,0,0,93,94,72,56,51,37,67,2016/10/11 9:00,129
0,0,0,0,0,1,0,0,93,94,72,56,51,37,67,2016/10/11 9:20,108
0,0,0,0,0,0,1,0,93,94,72,56,51,37,67,2016/10/11 9:40,123
0,1,0,0,0,0,0,0,103,91,81,86,90,85,89,2016/10/11 17:00,75
0,0,1,0,0,0,0,0,103,91,81,86,90,85,89,2016/10/11 17:20,93
0,0,0,1,0,0,0,0,103,91,81,86,90,85,89,2016/10/11 17:40,109
0,0,0,0,1,0,0,0,103,91,81,86,90,85,89,2016/10/11 18:00,66
0,0,0,0,0,1,0,0,103,91,81,86,90,85,89,2016/10/11 18:20,83
0,0,0,0,0,0,1,0,103,91,81,86,90,85,89,2016/10/11 18:40,62
0,1,0,0,0,0,0,0,103,82,80,67,47,38,69,2016/10/12 8:00,114
0,0,1,0,0,0,0,0,103,82,80,67,47,38,69,2016/10/12 8:20,111
0,0,0,1,0,0,0,0,103,82,80,67,47,38,69,2016/10/12 8:40,109
0,0,0,0,1,0,0,0,103,82,80,67,47,38,69,2016/10/12 9:00,122
0,0,0,0,0,1,0,0,103,82,80,67,47,38,69,2016/10/12 9:20,116
0,0,0,0,0,0,1,0,103,82,80,67,47,38,69,2016/10/12 9:40,100
0,1,0,0,0,0,0,0,115,103,112,88,103,90,101,2016/10/12 17:00,89
0,0,1,0,0,0,0,0,115,103,112,88,103,90,101,2016/10/12 17:20,132
0,0,0,1,0,0,0,0,115,103,112,88,103,90,101,2016/10/12 17:40,129
0,0,0,0,1,0,0,0,115,103,112,88,103,90,101,2016/10/12 18:00,48
0,0,0,0,0,1,0,0,115,103,112,88,103,90,101,2016/10/12 18:20,82
0,0,0,0,0,0,1,0,115,103,112,88,103,90,101,2016/10/12 18:40,66
0,1,0,0,0,0,0,0,105,95,81,76,46,39,73,2016/10/13 8:00,107
0,0,1,0,0,0,0,0,105,95,81,76,46,39,73,2016/10/13 8:20,114
0,0,0,1,0,0,0,0,105,95,81,76,46,39,73,2016/10/13 8:40,130
0,0,0,0,1,0,0,0,105,95,81,76,46,39,73,2016/10/13 9:00,122
0,0,0,0,0,1,0,0,105,95,81,76,46,39,73,2016/10/13 9:20,98
0,0,0,0,0,0,1,0,105,95,81,76,46,39,73,2016/10/13 9:40,114
0,1,0,0,0,0,0,0,99,116,84,83,87,96,94,2016/10/13 17:00,114
0,0,1,0,0,0,0,0,99,116,84,83,87,96,94,2016/10/13 17:20,94
0,0,0,1,0,0,0,0,99,116,84,83,87,96,94,2016/10/13 17:40,120
0,0,0,0,1,0,0,0,99,116,84,83,87,96,94,2016/10/13 18:00,53
0,0,0,0,0,1,0,0,99,116,84,83,87,96,94,2016/10/13 18:20,73
0,0,0,0,0,0,1,0,99,116,84,83,87,96,94,2016/10/13 18:40,76
0,1,0,0,0,0,0,0,120,78,72,57,48,34,68,2016/10/14 8:00,108
0,0,1,0,0,0,0,0,120,78,72,57,48,34,68,2016/10/14 8:20,107
0,0,0,1,0,0,0,0,120,78,72,57,48,34,68,2016/10/14 8:40,108
0,0,0,0,1,0,0,0,120,78,72,57,48,34,68,2016/10/14 9:00,126
0,0,0,0,0,1,0,0,120,78,72,57,48,34,68,2016/10/14 9:20,111
0,0,0,0,0,0,1,0,120,78,72,57,48,34,68,2016/10/14 9:40,152
0,1,0,0,0,0,0,0,114,125,105,116,116,117,115,2016/10/14 17:00,122
0,0,1,0,0,0,0,0,114,125,105,116,116,117,115,2016/10/14 17:20,132
0,0,0,1,0,0,0,0,114,125,105,116,116,117,115,2016/10/14 17:40,135
0,0,0,0,1,0,0,0,114,125,105,116,116,117,115,2016/10/14 18:00,89
0,0,0,0,0,1,0,0,114,125,105,116,116,117,115,2016/10/14 18:20,85
0,0,0,0,0,0,1,0,114,125,105,116,116,117,115,2016/10/14 18:40,84
0,1,0,0,0,0,0,1,72,75,49,59,44,43,57,2016/10/15 8:00,73
0,0,1,0,0,0,0,1,72,75,49,59,44,43,57,2016/10/15 8:20,103
0,0,0,1,0,0,0,1,72,75,49,59,44,43,57,2016/10/15 8:40,123
0,0,0,0,1,0,0,1,72,75,49,59,44,43,57,2016/10/15 9:00,110
0,0,0,0,0,1,0,1,72,75,49,59,44,43,57,2016/10/15 9:20,103
0,0,0,0,0,0,1,1,72,75,49,59,44,43,57,2016/10/15 9:40,121
0,1,0,0,0,0,0,1,93,89,92,96,85,108,93,2016/10/15 17:00,85
0,0,1,0,0,0,0,1,93,89,92,96,85,108,93,2016/10/15 17:20,94
0,0,0,1,0,0,0,1,93,89,92,96,85,108,93,2016/10/15 17:40,90
0,0,0,0,1,0,0,1,93,89,92,96,85,108,93,2016/10/15 18:00,67
0,0,0,0,0,1,0,1,93,89,92,96,85,108,93,2016/10/15 18:20,71
0,0,0,0,0,0,1,1,93,89,92,96,85,108,93,2016/10/15 18:40,61
0,1,0,0,0,0,0,1,39,50,36,58,32,37,42,2016/10/16 8:00,47
0,0,1,0,0,0,0,1,39,50,36,58,32,37,42,2016/10/16 8:20,72
0,0,0,1,0,0,0,1,39,50,36,58,32,37,42,2016/10/16 8:40,67
0,0,0,0,1,0,0,1,39,50,36,58,32,37,42,2016/10/16 9:00,100
0,0,0,0,0,1,0,1,39,50,36,58,32,37,42,2016/10/16 9:20,108
0,0,0,0,0,0,1,1,39,50,36,58,32,37,42,2016/10/16 9:40,108
0,1,0,0,0,0,0,1,105,111,135,99,118,119,114,2016/10/16 17:00,98
0,0,1,0,0,0,0,1,105,111,135,99,118,119,114,2016/10/16 17:20,134
0,0,0,1,0,0,0,1,105,111,135,99,118,119,114,2016/10/16 17:40,111
0,0,0,0,1,0,0,1,105,111,135,99,118,119,114,2016/10/16 18:00,76
0,0,0,0,0,1,0,1,105,111,135,99,118,119,114,2016/10/16 18:20,77
0,0,0,0,0,0,1,1,105,111,135,99,118,119,114,2016/10/16 18:40,56
0,1,0,0,0,0,0,0,130,120,106,73,68,45,90,2016/10/17 8:00,132
0,0,1,0,0,0,0,0,130,120,106,73,68,45,90,2016/10/17 8:20,140
0,0,0,1,0,0,0,0,130,120,106,73,68,45,90,2016/10/17 8:40,141
0,0,0,0,1,0,0,0,130,120,106,73,68,45,90,2016/10/17 9:00,161
0,0,0,0,0,1,0,0,130,120,106,73,68,45,90,2016/10/17 9:20,120
0,0,0,0,0,0,1,0,130,120,106,73,68,45,90,2016/10/17 9:40,121
0,1,0,0,0,0,0,0,104,108,101,89,92,99,98,2016/10/17 17:00,112
0,0,1,0,0,0,0,0,104,108,101,89,92,99,98,2016/10/17 17:20,126
0,0,0,1,0,0,0,0,104,108,101,89,92,99,98,2016/10/17 17:40,130
0,0,0,0,1,0,0,0,104,108,101,89,92,99,98,2016/10/17 18:00,52
0,0,0,0,0,1,0,0,104,108,101,89,92,99,98,2016/10/17 18:20,84
0,0,0,0,0,0,1,0,104,108,101,89,92,99,98,2016/10/17 18:40,49
